sample,cluster
CT_IIIS,0
CT_IIIS.1,0
CT_IIIS.2,0
CT_IIIS.3,0
D3_IVS,0
D3_IVS.1,0
D3_IVS.2,0
D3_IVS.3,0
P1_IVFS,0
P1_IVFS.1,0
P1_IVFS.2,0
P1_IVFS.3,0
P2_IVFS,0
P2_IVFS.1,0
P2_IVFS.2,0
P2_IVFS.3,0
P3_IVFS,0
P3_IVFS.1,0
P3_IVFS.2,0
P3_IVFS.3,0
P4_IVFS,0
P4_IVFS.1,0
P4_IVFS.2,0
P4_IVFS.3,0
P5_IIIFS,0
P5_IIIFS.1,0
P5_IIIFS.2,0
P5_IIIFS.3,0
P5_IVFS,0
P5_IVFS.1,0
P5_IVFS.2,0
P5_IVFS.3,0
PT_IIIFS,0
PT_IIIFS.1,0
PT_IIIFS.2,0
PT_IIIFS.3,0
PT_IVFS,0
PT_IVFS.1,0
PT_IVFS.2,0
PT_IVFS.3,0
C1.2_IIFS,1
C1.2_IIFSM,1
C1.2_IIS,1
C1.3_IIFS,1
C1.3_IIFSM,1
C1.3_IIS,1
C1.4_IIFSM,1
C1.4_IIS,1
C1_IIFS,1
C1_IIFSM,1
C2.2_IIFS,1
C2.2_IIFSM,1
C2.2_IIS,1
C2.2_IISM,1
C2.3_IIS,1
C2.3_IISM,1
C2.4_IIS,1
C2.4_IISM,1
C2_IIS.4,1
C2_IISM,1
C3.2_IIFS,1
C3.2_IIS,1
C3.2_IISM,1
C3.3_IIFSM,1
C3.3_IIS,1
C3.3_IISM,1
C3.4_IIS,1
C3.4_IISM,1
C3_IIFSM,1
C3_IIS.4,1
C3_IISM,1
C4.2_IIFS,1
C4.2_IIS,1
C4.2_IISM,1
C4.3_IIS,1
C4.3_IISM,1
C4.4_IIFS,1
C4.4_IIFSM,1
C4.4_IIS,1
C4.4_IISM,1
C4_IIS.4,1
C4_IISM,1
C5.2_IIFSM,1
C5.2_IIS,1
C5.2_IISM,1
C5.3_IIFSM,1
C5.3_IIS,1
C5.3_IISM,1
C5.3_IVFS,1
C5.4_IIS,1
C5.4_IISM,1
C5.4_IVFS,1
C5_IIFS,1
C5_IIFSM,1
C5_IIS.4,1
C5_IISM,1
CT.2_2FS,1
CT.2_2S,1
CT.3_2FSM,1
CT.3_2S,1
CT.4_2FSM,1
CT_2FSM,1
D1.2_IIFS,1
D1.2_IIFSM,1
D1.2_IIS,1
D1.2_IISM,1
D1.3_IIFS,1
D1.3_IIFSM,1
D1.3_IIS,1
D1.4_IIFS,1
D1.4_IIFSM,1
D1.4_IIS,1
D1.4_IISM,1
D1_IIFS,1
D1_IIFSM,1
D1_IIS,1
D1_IISM,1
D2.2_IIFS,1
D2.2_IIFSM,1
D2.2_IIS,1
D2.2_IISM,1
D2.3_IIFS,1
D2.3_IIFSM,1
D2.3_IIS,1
D2.3_IISM,1
D2.4_IIS,1
D2.4_IISM,1
D2_IIFS,1
D2_IIS,1
D3.2_IIFS,1
D3.2_IIFSM,1
D3.2_IIS,1
D3.2_IISM,1
D3.3_IIFS,1
D3.3_IIFSM,1
D3.3_IIS,1
D3.3_IISM,1
D3.4_IIFS,1
D3.4_IIFSM,1
D3.4_IIS,1
D3.4_IISM,1
D3_IIFS,1
D3_IIFSM,1
D3_IIS,1
D3_IISM,1
D4.2_IIS,1
D4.2_IISM,1
D4.3_IIFS,1
D4.3_IIFSM,1
D4.3_IIS,1
D4.3_IISM,1
D4.4_IIFS,1
D4.4_IIS,1
D4_IIS,1
D4_IISM,1
D5.2_IIFS,1
D5.2_IIFSM,1
D5.2_IIS,1
D5.2_IISM,1
D5.3_IIFS,1
D5.3_IIFSM,1
D5.3_IIS,1
D5.3_IISM,1
D5.4_IIFS,1
D5.4_IIFSM,1
D5.4_IIS,1
D5.4_IISM,1
D5_IIFS,1
D5_IIFSM,1
D5_IIS,1
DT.2_2FS,1
DT.2_2FSM,1
DT.3_2FSM,1
DT.4_2FSM,1
DT_2FS,1
DT_2FSM,1
DT_2SM,1
G1.2_IIFSM,1
G1.3_IIFSM,1
G1.4_IIFSM,1
G1_IIFSM,1
G3.2_IIFS,1
G3.2_IIFSM,1
G3.3_IIFS,1
G3.3_IIFSM,1
G3.4_IIFSM,1
G3_IIFSM,1
G4.2_IIS,1
G4.3_IIS,1
G4.4_IIFSMB,1
G4.4_IIS,1
G4_IIFSMA,1
G4_IIFSMB,1
G4_IIS,1
G5.2_IIFS,1
G5.2_IIFSM,1
G5.3_IIFS,1
G5.3_IIFSM,1
G5.4_IIFSM,1
G5_IIFSM,1
GT.2_2FSM,1
GT.3_2FS,1
GT.3_2FSM,1
GT.4_2FS,1
GT.4_2FSM,1
GT_2FS,1
GT_2FSM,1
P1.4_IIFSM,1
P2.3_IIFS,1
P2.4_IIFS,1
P2_IIFS,1
P3.2_IIFS,1
P3.2_IIS,1
P3.3_IIFS,1
P3.3_IIS,1
P3.4_IIFS,1
P3.4_IIFSM,1
P3_IIFS,1
P3_IIS,1
P4.2_IIFS,1
P4.3_IIFS,1
P4.3_IIFSM,1
P4.4_IIFS,1
P4.4_IIFSM,1
P4_IIFS,1
P4_IIFSM,1
PT.2_2FSM,1
C1_IIS.4,2
D1_IIIFS,2
D1_IIIFS.1,2
D1_IIIFS.2,2
D1_IIIFS.3,2
D1_IVFS,2
D1_IVFS.1,2
D1_IVFS.2,2
D1_IVFS.3,2
D2_IIIFS,2
D2_IIIFS.1,2
D2_IIIFS.2,2
D2_IIIFS.3,2
D2_IVFS,2
D2_IVFS.1,2
D2_IVFS.2,2
D2_IVFS.3,2
D3_IIIFS,2
D3_IIIFS.1,2
D3_IIIFS.2,2
D3_IIIFS.3,2
D3_IVFS,2
D3_IVFS.1,2
D3_IVFS.2,2
D3_IVFS.3,2
D4_IIIFS,2
D4_IIIFS.1,2
D4_IIIFS.2,2
D4_IIIFS.3,2
D4_IVFS,2
D4_IVFS.1,2
D4_IVFS.2,2
D4_IVFS.3,2
D5_IIIFS,2
D5_IIIFS.1,2
D5_IIIFS.2,2
D5_IIIFS.3,2
D5_IVFS,2
D5_IVFS.1,2
D5_IVFS.2,2
D5_IVFS.3,2
DT_IIIFS,2
DT_IIIFS.1,2
DT_IIIFS.2,2
DT_IIIFS.3,2
DT_IVFS,2
DT_IVFS.1,2
DT_IVFS.2,2
DT_IVFS.3,2
G1_IIIFS,2
G1_IIIFS.1,2
G1_IIIFS.2,2
G1_IIIFS.3,2
G2_IIIFS,2
G2_IIIFS.1,2
G2_IIIFS.2,2
G2_IIIFS.3,2
G3_IIIFS,2
G3_IIIFS.1,2
G3_IIIFS.2,2
G3_IIIFS.3,2
G4_IIIFS,2
G4_IIIFS.1,2
G4_IIIFS.2,2
G4_IIIFS.3,2
G5_IIIFS,2
G5_IIIFS.1,2
G5_IIIFS.2,2
G5_IIIFS.3,2
GT_IIIFS,2
GT_IIIFS.1,2
GT_IIIFS.2,2
GT_IIIFS.3,2
P1_IIIFS,2
P1_IIIFS.1,2
P1_IIIFS.2,2
P1_IIIFS.3,2
P2_IIIFS,2
P2_IIIFS.1,2
P2_IIIFS.2,2
P2_IIIFS.3,2
P3_IIIFS,2
P3_IIIFS.1,2
P3_IIIFS.2,2
P3_IIIFS.3,2
P4_IIIFS,2
P4_IIIFS.1,2
P4_IIIFS.2,2
P4_IIIFS.3,2
P5.2_IIFSM,2
P5.4_IIFS,2
C1.2_IVFS,3
C1.3_IVFS,3
C1.4_IVFS,3
C1_IVFS,3
C2.2_IVFS,3
C2.3_IIFSM,3
C2.3_IVFS,3
C2.4_IIFS,3
C2.4_IVFS,3
C2_IIFS,3
C2_IVFS,3
C3.2_IVFS,3
C3.3_IIFS,3
C3.3_IVFS,3
C3.4_IVFS,3
C3_IVFS,3
C4.2_IIFSM,3
C4.2_IVFS,3
C4.3_IIFSM,3
C4.3_IVFS,3
C4.4_IVFS,3
C4_IIFSM,3
C4_IVFS,3
C5.2_IIFS,3
C5.2_IVFS,3
C5.3_IIFS,3
C5.4_IIFS,3
C5_IVFS,3
CT.2_4FS,3
CT.3_2FS,3
CT.3_4FS,3
CT.4_4FS,3
CT_4FS,3
D2.4_IIFS,3
D2.4_IIFSM,3
D2_IIFSM,3
DT.4_2FS,3
G4.2_IIFSMB,3
G5_IIFS,3
P1.2_IIFS,3
P1.4_IIFS,3
P1_IIFS,3
C1.4_IIFS,4
C2.3_IIFS,4
C2.4_IIFSM,4
C2_IIFSM,4
C3.4_IIFS,4
C3.4_IIFSM,4
C3_IIFS,4
C4.3_IIFS,4
C4_IIFS,4
D1.3_IISM,4
D2_IISM,4
D4.2_IIFS,4
D4.2_IIFSM,4
D4_IIFS,4
D5_IISM,4
G2.2_IIFSM,4
G2.3_IIFS,4
G2.3_IIFSM,4
G2_IIFSM,4
G3_IIFS,4
G4.2_IIFSMA,4
G4.3_IIFSMA,4
G4.3_IIFSMB,4
GT.2_2FS,4
P1.2_IIFSM,4
P2.2_IIFS,4
P2.2_IIFSM,4
P2.3_IIFSM,4
P3.3_IIFSM,4
P3_IIFSM,4
P4.2_IIFSM,4
P5.2_IIFS,4
P5.3_IIFS,4
P5_IIFS,4
P5_IIFSM,4
PT.3_2FSM,4
CT.2_2FSM,5
CT.2_2SM,5
CT.3_2SM,5
CT.4_2FS,5
CT.4_2S,5
CT.4_2SM,5
CT_2FS,5
CT_2S,5
CT_2SM,5
D4.4_IISM,5
DT.2_2S,5
DT.2_2SM,5
DT.3_2S,5
DT.3_2SM,5
DT.4_2S,5
DT.4_2SM,5
DT_2S,5
G1.2_IIFS,5
G1.2_IIS,5
G1.3_IIFS,5
G1.3_IIS,5
G1.4_IIFS,5
G1.4_IIS,5
G1_IIFS,5
G1_IIS,5
G2.2_IIFS,5
G2.2_IIS,5
G2.3_IIS,5
G2.4_IIFS,5
G2.4_IIS,5
G2_IIFS,5
G2_IIS,5
G3.2_IIS,5
G3.3_IIS,5
G3.4_IIS,5
G3_IIS,5
G5.2_IIS,5
G5.3_IIS,5
G5.4_IIS,5
G5_IIS.4,5
GT.2_2S,5
GT.3_2S,5
GT.4_2S,5
GT_2S,5
P1.2_IIS,5
P1.2_IISM,5
P1.3_IIFS,5
P1.3_IIS,5
P1.3_IISM,5
P1.4_IIS,5
P1.4_IISM,5
P1_IIS,5
P1_IISM,5
P2.2_IIS,5
P2.2_IISM,5
P2.3_IIS,5
P2.3_IISM,5
P2.4_IIS,5
P2.4_IISM,5
P2_IIS,5
P2_IISM,5
P3.2_IIFSM,5
P3.2_IISM,5
P3.3_IISM,5
P3.4_IIS,5
P3.4_IISM,5
P3_IISM,5
P4.2_IIS,5
P4.2_IISM,5
P4.3_IIS,5
P4.3_IISM,5
P4.4_IIS,5
P4.4_IISM,5
P4_IIS,5
P4_IISM,5
P5.2_IIS,5
P5.2_IISM,5
P5.3_IIS,5
P5.3_IISM,5
P5.4_IIS,5
P5.4_IISM,5
P5_IIS,5
P5_IISM,5
PT.2_2FS,5
PT.2_2S,5
PT.2_2SM,5
PT.3_2FS,5
PT.3_2S,5
PT.3_2SM,5
PT.4_2FS,5
PT.4_2S,5
PT.4_2SM,5
PT_2FS,5
PT_2FSM,5
PT_2S,5
PT_2SM,5
C1_IISM,6
C1_IISM.1,6
C1_IISM.2,6
C1_IISM.3,6
C1_IVSM,6
C1_IVSM.1,6
C1_IVSM.2,6
C1_IVSM.3,6
C2_IVSM,6
C2_IVSM.1,6
C2_IVSM.2,6
C2_IVSM.3,6
C3_IVSM,6
C3_IVSM.1,6
C3_IVSM.2,6
C3_IVSM.3,6
C4_IVSM,6
C4_IVSM.1,6
C4_IVSM.2,6
C4_IVSM.3,6
C5_IVSM,6
C5_IVSM.1,6
C5_IVSM.2,6
C5_IVSM.3,6
CT_IVS,6
CT_IVS.1,6
CT_IVS.2,6
CT_IVS.3,6
CT_IVSM,6
CT_IVSM.1,6
CT_IVSM.2,6
CT_IVSM.3,6
D1_IIISM,6
D1_IIISM.1,6
D1_IIISM.2,6
D1_IIISM.3,6
D1_IVSM,6
D1_IVSM.1,6
D1_IVSM.2,6
D1_IVSM.3,6
D2_IIISM,6
D2_IIISM.1,6
D2_IIISM.2,6
D2_IIISM.3,6
D2_IVSM,6
D2_IVSM.1,6
D2_IVSM.2,6
D2_IVSM.3,6
D3_IIISM,6
D3_IIISM.1,6
D3_IIISM.2,6
D3_IIISM.3,6
D3_IVSM,6
D3_IVSM.1,6
D3_IVSM.2,6
D3_IVSM.3,6
D4_IIFSM,6
D4_IIISM,6
D4_IIISM.1,6
D4_IIISM.2,6
D4_IIISM.3,6
D4_IVSM,6
D4_IVSM.1,6
D4_IVSM.2,6
D4_IVSM.3,6
D5_IIISM,6
D5_IIISM.1,6
D5_IIISM.2,6
D5_IIISM.3,6
D5_IVSM,6
D5_IVSM.1,6
D5_IVSM.2,6
D5_IVSM.3,6
DT_IIISM,6
DT_IIISM.1,6
DT_IIISM.2,6
DT_IIISM.3,6
DT_IVS,6
DT_IVS.1,6
DT_IVS.2,6
DT_IVS.3,6
DT_IVSM,6
DT_IVSM.1,6
DT_IVSM.2,6
DT_IVSM.3,6
C1_IIIS,7
C1_IIIS.1,7
C1_IIIS.2,7
C1_IIIS.3,7
C1_IVS,7
C1_IVS.1,7
C1_IVS.2,7
C1_IVS.3,7
C2_IIIS,7
C2_IIIS.1,7
C2_IIIS.2,7
C2_IIIS.3,7
C2_IVS,7
C2_IVS.1,7
C2_IVS.2,7
C2_IVS.3,7
C3_IIIS,7
C3_IIIS.1,7
C3_IIIS.2,7
C3_IIIS.3,7
C3_IVS,7
C3_IVS.1,7
C3_IVS.2,7
C3_IVS.3,7
C4_IIIS,7
C4_IIIS.1,7
C4_IIIS.2,7
C4_IIIS.3,7
C4_IVS,7
C4_IVS.1,7
C4_IVS.2,7
C4_IVS.3,7
C5_IIIS,7
C5_IIIS.1,7
C5_IIIS.2,7
C5_IIIS.3,7
C5_IIS.1,7
C5_IIS.2,7
C5_IIS.3,7
C5_IVS,7
C5_IVS.1,7
C5_IVS.2,7
C5_IVS.3,7
D1_IIIS,7
D1_IIIS.1,7
D1_IIIS.2,7
D1_IIIS.3,7
D3_IIIS,7
D3_IIIS.1,7
D3_IIIS.2,7
D3_IIIS.3,7
D4_IIIS,7
D4_IIIS.1,7
D4_IIIS.2,7
D4_IIIS.3,7
D5_IIIS,7
D5_IIIS.1,7
D5_IIIS.2,7
D5_IIIS.3,7
DT.3_2FS,7
P1_IIFSM,7
P2_IIFSM,7
P5.3_IIFSM,7
P5.4_IIFSM,7
C3.2_IIFSM,8
C5.4_IIFSM,8
D4.4_IIFSM,8
DNA_NET_Minilab_1,8
DNA_NET_Minilab_1.1,8
DNA_NET_Minilab_1.2,8
DNA_NET_Minilab_1.3,8
DNA_NET_Minilab_2,8
DNA_NET_Minilab_2.1,8
DNA_NET_Minilab_2.2,8
DNA_NET_Minilab_2.3,8
DNA_NET_Minilab_3,8
DNA_NET_Minilab_3.1,8
DNA_NET_Minilab_3.2,8
DNA_NET_Minilab_3.3,8
G2.4_IIFSM,8
G3.4_IIFS,8
G4.4_IIFSMA,8
G5.4_IIFS,8
P2.4_IIFSM,8
PT.4_2FSM,8
D2_IIIS,9
D2_IIIS.1,9
D2_IIIS.2,9
D2_IIIS.3,9
DT_IIIS,9
DT_IIIS.1,9
DT_IIIS.2,9
DT_IIIS.3,9
G1_IIIS,9
G1_IIIS.1,9
G1_IIIS.2,9
G1_IIIS.3,9
G1_IVS,9
G1_IVS.1,9
G1_IVS.2,9
G1_IVS.3,9
G2_IIIS,9
G2_IIIS.1,9
G2_IIIS.2,9
G2_IIIS.3,9
G2_IVS,9
G2_IVS.1,9
G2_IVS.2,9
G2_IVS.3,9
G2_IVSM,9
G2_IVSM.1,9
G2_IVSM.2,9
G2_IVSM.3,9
G3_IIIS,9
G3_IIIS.1,9
G3_IIIS.2,9
G3_IIIS.3,9
G3_IVS,9
G3_IVS.1,9
G3_IVS.2,9
G3_IVS.3,9
G4_IIIS,9
G4_IIIS.1,9
G4_IIIS.2,9
G4_IIIS.3,9
G4_IVS,9
G4_IVS.1,9
G4_IVS.2,9
G4_IVS.3,9
G4_IVSM,9
G4_IVSM.1,9
G4_IVSM.2,9
G4_IVSM.3,9
G5_IIIS,9
G5_IIIS.1,9
G5_IIIS.2,9
G5_IIIS.3,9
G5_IIISM,9
G5_IIISM.1,9
G5_IIISM.2,9
G5_IIISM.3,9
G5_IVS,9
G5_IVS.1,9
G5_IVS.2,9
G5_IVS.3,9
GT_IIIS,9
GT_IIIS.1,9
GT_IIIS.2,9
GT_IIIS.3,9
GT_IVS,9
GT_IVS.1,9
GT_IVS.2,9
GT_IVS.3,9
GT_IVSM,9
GT_IVSM.1,9
GT_IVSM.2,9
GT_IVSM.3,9
P1.3_IIFSM,9
P1_IIIS,9
P1_IIIS.1,9
P1_IIIS.2,9
P1_IIIS.3,9
P1_IVS,9
P1_IVS.1,9
P1_IVS.2,9
P1_IVS.3,9
P2_IIIS,9
P2_IIIS.1,9
P2_IIIS.2,9
P2_IIIS.3,9
P2_IVS,9
P2_IVS.1,9
P2_IVS.2,9
P2_IVS.3,9
P3_IIIS,9
P3_IIIS.1,9
P3_IIIS.2,9
P3_IIIS.3,9
P3_IVS,9
P3_IVS.1,9
P3_IVS.2,9
P3_IVS.3,9
P4_IIIS,9
P4_IIIS.1,9
P4_IIIS.2,9
P4_IIIS.3,9
P4_IVS,9
P4_IVS.1,9
P4_IVS.2,9
P4_IVS.3,9
P5_IIIS,9
P5_IIIS.1,9
P5_IIIS.2,9
P5_IIIS.3,9
P5_IVS,9
P5_IVS.1,9
P5_IVS.2,9
P5_IVS.3,9
PT_IIIS,9
PT_IIIS.1,9
PT_IIIS.2,9
PT_IIIS.3,9
PT_IVS,9
PT_IVS.1,9
PT_IVS.2,9
PT_IVS.3,9
C1_IIIFSM,10
C1_IIIFSM.1,10
C1_IIIFSM.2,10
C1_IIIFSM.3,10
C1_IVFSM,10
C1_IVFSM.1,10
C1_IVFSM.2,10
C1_IVFSM.3,10
C2_IIIFSM,10
C2_IIIFSM.1,10
C2_IIIFSM.2,10
C2_IIIFSM.3,10
C2_IVFSM,10
C2_IVFSM.1,10
C2_IVFSM.2,10
C2_IVFSM.3,10
C3_IIIFSM,10
C3_IIIFSM.1,10
C3_IIIFSM.2,10
C3_IIIFSM.3,10
C3_IVFSM,10
C3_IVFSM.1,10
C3_IVFSM.2,10
C3_IVFSM.3,10
C4_IIIFSM,10
C4_IIIFSM.1,10
C4_IIIFSM.2,10
C4_IIIFSM.3,10
C4_IVFSM,10
C4_IVFSM.1,10
C4_IVFSM.2,10
C4_IVFSM.3,10
C5_IIIFSM,10
C5_IIIFSM.1,10
C5_IIIFSM.2,10
C5_IIIFSM.3,10
C5_IVFSM,10
C5_IVFSM.1,10
C5_IVFSM.2,10
C5_IVFSM.3,10
CT_IIIFSM,10
CT_IIIFSM.1,10
CT_IIIFSM.2,10
CT_IIIFSM.3,10
CT_IVFSM,10
CT_IVFSM.1,10
CT_IVFSM.2,10
CT_IVFSM.3,10
G1_IVFSM,10
G1_IVFSM.1,10
G1_IVFSM.2,10
G1_IVFSM.3,10
GT_IVFSM,10
GT_IVFSM.1,10
GT_IVFSM.2,10
GT_IVFSM.3,10
D1_IIIFSM,11
D1_IIIFSM.1,11
D1_IIIFSM.2,11
D1_IIIFSM.3,11
D1_IVFSM,11
D1_IVFSM.1,11
D1_IVFSM.2,11
D1_IVFSM.3,11
D2_IIIFSM,11
D2_IIIFSM.1,11
D2_IIIFSM.2,11
D2_IIIFSM.3,11
D2_IVFSM,11
D2_IVFSM.1,11
D2_IVFSM.2,11
D2_IVFSM.3,11
D3_IIIFSM,11
D3_IIIFSM.1,11
D3_IIIFSM.2,11
D3_IIIFSM.3,11
D3_IVFSM,11
D3_IVFSM.1,11
D3_IVFSM.2,11
D3_IVFSM.3,11
D4_IIIFSM,11
D4_IIIFSM.1,11
D4_IIIFSM.2,11
D4_IIIFSM.3,11
D4_IVFSM,11
D4_IVFSM.1,11
D4_IVFSM.2,11
D4_IVFSM.3,11
D5_IIIFSM,11
D5_IIIFSM.1,11
D5_IIIFSM.2,11
D5_IIIFSM.3,11
D5_IVFSM,11
D5_IVFSM.1,11
D5_IVFSM.2,11
D5_IVFSM.3,11
DT_IIIFSM,11
DT_IIIFSM.1,11
DT_IIIFSM.2,11
DT_IIIFSM.3,11
DT_IVFSM,11
DT_IVFSM.1,11
DT_IVFSM.2,11
DT_IVFSM.3,11
D1_IVS,12
D1_IVS.1,12
D1_IVS.2,12
D1_IVS.3,12
D2_IVS,12
D2_IVS.1,12
D2_IVS.2,12
D2_IVS.3,12
D4_IVS,12
D4_IVS.1,12
D4_IVS.2,12
D4_IVS.3,12
D5_IVS,12
D5_IVS.1,12
D5_IVS.2,12
D5_IVS.3,12
C5_IIS,13
G1_IIIFSM,13
G1_IIIFSM.1,13
G1_IIIFSM.2,13
G1_IIIFSM.3,13
G1_IVFS,13
G1_IVFS.1,13
G1_IVFS.2,13
G1_IVFS.3,13
G2_IIIFSM,13
G2_IIIFSM.1,13
G2_IIIFSM.2,13
G2_IIIFSM.3,13
G2_IVFS,13
G2_IVFS.1,13
G2_IVFS.2,13
G2_IVFS.3,13
G2_IVFSM,13
G2_IVFSM.1,13
G2_IVFSM.2,13
G2_IVFSM.3,13
G3_IIIFSM,13
G3_IIIFSM.1,13
G3_IIIFSM.2,13
G3_IIIFSM.3,13
G3_IVFS,13
G3_IVFS.1,13
G3_IVFS.2,13
G3_IVFS.3,13
G3_IVFSM,13
G3_IVFSM.1,13
G3_IVFSM.2,13
G3_IVFSM.3,13
G4_IIIFSM,13
G4_IIIFSM.1,13
G4_IIIFSM.2,13
G4_IIIFSM.3,13
G4_IVFS,13
G4_IVFS.1,13
G4_IVFS.2,13
G4_IVFS.3,13
G4_IVFSM,13
G4_IVFSM.1,13
G4_IVFSM.2,13
G4_IVFSM.3,13
G5_IIIFSM,13
G5_IIIFSM.1,13
G5_IIIFSM.2,13
G5_IIIFSM.3,13
G5_IVFS,13
G5_IVFS.1,13
G5_IVFS.2,13
G5_IVFS.3,13
G5_IVFSM,13
G5_IVFSM.1,13
G5_IVFSM.2,13
G5_IVFSM.3,13
GT_IIIFSM,13
GT_IIIFSM.1,13
GT_IIIFSM.2,13
GT_IIIFSM.3,13
GT_IVFS,13
GT_IVFS.1,13
GT_IVFS.2,13
GT_IVFS.3,13
P1_IIIFSM,13
P1_IIIFSM.1,13
P1_IIIFSM.2,13
P1_IIIFSM.3,13
P1_IVFSM,13
P1_IVFSM.1,13
P1_IVFSM.2,13
P1_IVFSM.3,13
P2_IIIFSM,13
P2_IIIFSM.1,13
P2_IIIFSM.2,13
P2_IIIFSM.3,13
P2_IVFSM,13
P2_IVFSM.1,13
P2_IVFSM.2,13
P2_IVFSM.3,13
P3_IIIFSM,13
P3_IIIFSM.1,13
P3_IIIFSM.2,13
P3_IIIFSM.3,13
P3_IVFSM,13
P3_IVFSM.1,13
P3_IVFSM.2,13
P3_IVFSM.3,13
P4_IIIFSM,13
P4_IIIFSM.1,13
P4_IIIFSM.2,13
P4_IIIFSM.3,13
P4_IVFSM,13
P4_IVFSM.1,13
P4_IVFSM.2,13
P4_IVFSM.3,13
P5_IIIFSM,13
P5_IIIFSM.1,13
P5_IIIFSM.2,13
P5_IIIFSM.3,13
P5_IVFSM,13
P5_IVFSM.1,13
P5_IVFSM.2,13
P5_IVFSM.3,13
PT_IIIFSM,13
PT_IIIFSM.1,13
PT_IIIFSM.2,13
PT_IIIFSM.3,13
PT_IVFSM,13
PT_IVFSM.1,13
PT_IVFSM.2,13
PT_IVFSM.3,13
G1_IIISM,14
G1_IIISM.1,14
G1_IIISM.2,14
G1_IIISM.3,14
G1_IVSM,14
G1_IVSM.1,14
G1_IVSM.2,14
G1_IVSM.3,14
G2_IIISM,14
G2_IIISM.1,14
G2_IIISM.2,14
G2_IIISM.3,14
G3_IIISM,14
G3_IIISM.1,14
G3_IIISM.2,14
G3_IIISM.3,14
G3_IVSM,14
G3_IVSM.1,14
G3_IVSM.2,14
G3_IVSM.3,14
G4_IIISM,14
G4_IIISM.1,14
G4_IIISM.2,14
G4_IIISM.3,14
G5_IVSM,14
G5_IVSM.1,14
G5_IVSM.2,14
G5_IVSM.3,14
GT_IIISM,14
GT_IIISM.1,14
GT_IIISM.2,14
GT_IIISM.3,14
P1_IIISM,14
P1_IIISM.1,14
P1_IIISM.2,14
P1_IIISM.3,14
P1_IVSM,14
P1_IVSM.1,14
P1_IVSM.2,14
P1_IVSM.3,14
P2_IIISM,14
P2_IIISM.1,14
P2_IIISM.2,14
P2_IIISM.3,14
P2_IVSM,14
P2_IVSM.1,14
P2_IVSM.2,14
P2_IVSM.3,14
P3_IIISM,14
P3_IIISM.1,14
P3_IIISM.2,14
P3_IIISM.3,14
P3_IVSM,14
P3_IVSM.1,14
P3_IVSM.2,14
P3_IVSM.3,14
P4_IIISM,14
P4_IIISM.1,14
P4_IIISM.2,14
P4_IIISM.3,14
P4_IVSM,14
P4_IVSM.1,14
P4_IVSM.2,14
P4_IVSM.3,14
P5_IIISM,14
P5_IIISM.1,14
P5_IIISM.2,14
P5_IIISM.3,14
P5_IVSM,14
P5_IVSM.1,14
P5_IVSM.2,14
P5_IVSM.3,14
PT_IIISM,14
PT_IIISM.1,14
PT_IIISM.2,14
PT_IIISM.3,14
PT_IVSM,14
PT_IVSM.1,14
PT_IVSM.2,14
PT_IVSM.3,14
G1_IFS,15
G1_IFS.1,15
G1_IFS.2,15
G1_IFS.3,15
G1_IS,15
G1_IS.1,15
G1_IS.2,15
G1_IS.3,15
G2_IFS,15
G2_IFS.1,15
G2_IFS.2,15
G2_IFS.3,15
G2_IS,15
G2_IS.1,15
G2_IS.2,15
G2_IS.3,15
G3_IFS,15
G3_IFS.1,15
G3_IFS.2,15
G3_IFS.3,15
G3_IS,15
G3_IS.1,15
G3_IS.2,15
G3_IS.3,15
G4_IFS,15
G4_IFS.1,15
G4_IFS.2,15
G4_IFS.3,15
G4_IS,15
G4_IS.1,15
G4_IS.2,15
G4_IS.3,15
G5_IFS,15
G5_IFS.1,15
G5_IFS.2,15
G5_IFS.3,15
G5_IS,15
G5_IS.1,15
G5_IS.2,15
G5_IS.3,15
C1_IFS,16
C1_IFS.1,16
C1_IFS.2,16
C1_IFS.3,16
C2_IFS,16
C2_IFS.1,16
C2_IFS.2,16
C2_IFS.3,16
C3_IFS,16
C3_IFS.1,16
C3_IFS.2,16
C3_IFS.3,16
C4_IFS,16
C4_IFS.1,16
C4_IFS.2,16
C4_IFS.3,16
C5_IFS,16
C5_IFS.1,16
C5_IFS.2,16
C5_IFS.3,16
D1_IFS,16
D1_IFS.1,16
D1_IFS.2,16
D1_IFS.3,16
D2_IFS,16
D2_IFS.1,16
D2_IFS.2,16
D2_IFS.3,16
D3_IFS,16
D3_IFS.1,16
D3_IFS.2,16
D3_IFS.3,16
D4_IFS,16
D4_IFS.1,16
D4_IFS.2,16
D4_IFS.3,16
D5_IFS,16
D5_IFS.1,16
D5_IFS.2,16
D5_IFS.3,16
P1_IFS,16
P1_IFS.1,16
P1_IFS.2,16
P1_IFS.3,16
P1_IS,16
P1_IS.1,16
P1_IS.2,16
P1_IS.3,16
P2_IFS,16
P2_IFS.1,16
P2_IFS.2,16
P2_IFS.3,16
P2_IS,16
P2_IS.1,16
P2_IS.2,16
P2_IS.3,16
P3_IFS,16
P3_IFS.1,16
P3_IFS.2,16
P3_IFS.3,16
P3_IS,16
P3_IS.1,16
P3_IS.2,16
P3_IS.3,16
P4_IFS,16
P4_IFS.1,16
P4_IFS.2,16
P4_IFS.3,16
P4_IS,16
P4_IS.1,16
P4_IS.2,16
P4_IS.3,16
P5_IFS,16
P5_IFS.1,16
P5_IFS.2,16
P5_IFS.3,16
P5_IS,16
P5_IS.1,16
P5_IS.2,16
P5_IS.3,16
C1_IIIFS,17
C1_IIIFS.1,17
C1_IIIFS.2,17
C1_IIIFS.3,17
C1_IIS,17
C1_IIS.1,17
C1_IIS.2,17
C1_IIS.3,17
C2_IIIFS,17
C2_IIIFS.1,17
C2_IIIFS.2,17
C2_IIIFS.3,17
C2_IIS,17
C2_IIS.1,17
C2_IIS.2,17
C2_IIS.3,17
C3_IIIFS,17
C3_IIIFS.1,17
C3_IIIFS.2,17
C3_IIIFS.3,17
C3_IIS,17
C3_IIS.1,17
C3_IIS.2,17
C3_IIS.3,17
C4_IIIFS,17
C4_IIIFS.1,17
C4_IIIFS.2,17
C4_IIIFS.3,17
C4_IIS,17
C4_IIS.1,17
C4_IIS.2,17
C4_IIS.3,17
C5_IIIFS,17
C5_IIIFS.1,17
C5_IIIFS.2,17
C5_IIIFS.3,17
CT_IIIFS,17
CT_IIIFS.1,17
CT_IIIFS.2,17
CT_IIIFS.3,17
CT_IIS,17
CT_IIS.1,17
CT_IIS.2,17
CT_IIS.3,17
C1_IIISM,18
C1_IIISM.1,18
C1_IIISM.2,18
C1_IIISM.3,18
C2_IIISM,18
C2_IIISM.1,18
C2_IIISM.2,18
C2_IIISM.3,18
C3_IIISM,18
C3_IIISM.1,18
C3_IIISM.2,18
C3_IIISM.3,18
C4_IIISM,18
C4_IIISM.1,18
C4_IIISM.2,18
C4_IIISM.3,18
CT_IIISM,18
CT_IIISM.1,18
CT_IIISM.2,18
CT_IIISM.3,18
G1_IISM,18
G1_IISM.1,18
G1_IISM.2,18
G1_IISM.3,18
G2_IISM,18
G2_IISM.1,18
G2_IISM.2,18
G2_IISM.3,18
G3_IISM,18
G3_IISM.1,18
G3_IISM.2,18
G3_IISM.3,18
G4_IISM,18
G4_IISM.1,18
G4_IISM.2,18
G4_IISM.3,18
G5_IIS,18
G5_IIS.1,18
G5_IIS.2,18
G5_IIS.3,18
GT_IISM,18
GT_IISM.1,18
GT_IISM.2,18
GT_IISM.3,18
C1_IS,19
C1_IS.1,19
C1_IS.2,19
C1_IS.3,19
C2_IS,19
C2_IS.1,19
C2_IS.2,19
C2_IS.3,19
C3_IS,19
C3_IS.1,19
C3_IS.2,19
C3_IS.3,19
C4_IS,19
C4_IS.1,19
C4_IS.2,19
C4_IS.3,19
C5_IS,19
C5_IS.1,19
C5_IS.2,19
C5_IS.3,19
D1_IS,19
D1_IS.1,19
D1_IS.2,19
D1_IS.3,19
D2_IS,19
D2_IS.1,19
D2_IS.2,19
D2_IS.3,19
D3_IS,19
D3_IS.1,19
D3_IS.2,19
D3_IS.3,19
D4_IS,19
D4_IS.1,19
D4_IS.2,19
D4_IS.3,19
D5_IS,19
D5_IS.1,19
D5_IS.2,19
D5_IS.3,19
